v,overscan,interlace,field,pair_y,line_a_base,line_b_base,a_base_class,b_base_class,horizontal_min,horizontal_max,nominal_max_index,declared_size,native_stores,max_attempted_index,result,slot_0_offsets,slot_1_offsets
0,0,0,0,7,7168,7680,inside,inside,0,511,8191,245760,0,,no_store,0:2:510,1:2:511
0,0,0,1,7,7168,7680,inside,inside,0,511,8191,245760,0,,no_store,0:2:510,1:2:511
0,0,1,0,7,7168,7168,inside,inside,0,511,7679,245760,0,,no_store,0:2:510,1:2:511
0,0,1,1,7,7680,7680,inside,inside,0,511,8191,245760,0,,no_store,0:2:510,1:2:511
0,1,0,0,0,0,512,inside,inside,0,511,1023,245760,0,,no_store,0:2:510,1:2:511
0,1,0,1,0,0,512,inside,inside,0,511,1023,245760,0,,no_store,0:2:510,1:2:511
0,1,1,0,0,0,0,inside,inside,0,511,511,245760,0,,no_store,0:2:510,1:2:511
0,1,1,1,0,512,512,inside,inside,0,511,1023,245760,0,,no_store,0:2:510,1:2:511
1,0,0,0,8,8192,8704,inside,inside,0,511,9215,245760,1,9215,in_range,0:2:510,1:2:511
1,0,0,1,8,8192,8704,inside,inside,0,511,9215,245760,1,9215,in_range,0:2:510,1:2:511
1,0,1,0,8,8192,8192,inside,inside,0,511,8703,245760,1,8703,in_range,0:2:510,1:2:511
1,0,1,1,8,8704,8704,inside,inside,0,511,9215,245760,1,9215,in_range,0:2:510,1:2:511
1,1,0,0,1,1024,1536,inside,inside,0,511,2047,245760,1,2047,in_range,0:2:510,1:2:511
1,1,0,1,1,1024,1536,inside,inside,0,511,2047,245760,1,2047,in_range,0:2:510,1:2:511
1,1,1,0,1,1024,1024,inside,inside,0,511,1535,245760,1,1535,in_range,0:2:510,1:2:511
1,1,1,1,1,1536,1536,inside,inside,0,511,2047,245760,1,2047,in_range,0:2:510,1:2:511
224,0,0,0,231,236544,237056,inside,inside,0,511,237567,245760,1,237567,in_range,0:2:510,1:2:511
224,0,0,1,231,236544,237056,inside,inside,0,511,237567,245760,1,237567,in_range,0:2:510,1:2:511
224,0,1,0,231,236544,236544,inside,inside,0,511,237055,245760,1,237055,in_range,0:2:510,1:2:511
224,0,1,1,231,237056,237056,inside,inside,0,511,237567,245760,1,237567,in_range,0:2:510,1:2:511
224,1,0,0,224,229376,229888,inside,inside,0,511,230399,245760,1,230399,in_range,0:2:510,1:2:511
224,1,0,1,224,229376,229888,inside,inside,0,511,230399,245760,1,230399,in_range,0:2:510,1:2:511
224,1,1,0,224,229376,229376,inside,inside,0,511,229887,245760,1,229887,in_range,0:2:510,1:2:511
224,1,1,1,224,229888,229888,inside,inside,0,511,230399,245760,1,230399,in_range,0:2:510,1:2:511
225,0,0,0,232,237568,238080,inside,inside,0,511,238591,245760,1,238591,in_range,0:2:510,1:2:511
225,0,0,1,232,237568,238080,inside,inside,0,511,238591,245760,1,238591,in_range,0:2:510,1:2:511
225,0,1,0,232,237568,237568,inside,inside,0,511,238079,245760,1,238079,in_range,0:2:510,1:2:511
225,0,1,1,232,238080,238080,inside,inside,0,511,238591,245760,1,238591,in_range,0:2:510,1:2:511
225,1,0,0,225,230400,230912,inside,inside,0,511,231423,245760,1,231423,in_range,0:2:510,1:2:511
225,1,0,1,225,230400,230912,inside,inside,0,511,231423,245760,1,231423,in_range,0:2:510,1:2:511
225,1,1,0,225,230400,230400,inside,inside,0,511,230911,245760,1,230911,in_range,0:2:510,1:2:511
225,1,1,1,225,230912,230912,inside,inside,0,511,231423,245760,1,231423,in_range,0:2:510,1:2:511
232,0,0,0,239,244736,245248,inside,inside,0,511,245759,245760,1,245759,in_range,0:2:510,1:2:511
232,0,0,1,239,244736,245248,inside,inside,0,511,245759,245760,1,245759,in_range,0:2:510,1:2:511
232,0,1,0,239,244736,244736,inside,inside,0,511,245247,245760,1,245247,in_range,0:2:510,1:2:511
232,0,1,1,239,245248,245248,inside,inside,0,511,245759,245760,1,245759,in_range,0:2:510,1:2:511
232,1,0,0,232,237568,238080,inside,inside,0,511,238591,245760,1,238591,in_range,0:2:510,1:2:511
232,1,0,1,232,237568,238080,inside,inside,0,511,238591,245760,1,238591,in_range,0:2:510,1:2:511
232,1,1,0,232,237568,237568,inside,inside,0,511,238079,245760,1,238079,in_range,0:2:510,1:2:511
232,1,1,1,232,238080,238080,inside,inside,0,511,238591,245760,1,238591,in_range,0:2:510,1:2:511
233,0,0,0,240,245760,246272,exactly_end,beyond_end,0,511,246783,245760,1,246783,out_of_range,0:2:510,1:2:511
233,0,0,1,240,245760,246272,exactly_end,beyond_end,0,511,246783,245760,1,246783,out_of_range,0:2:510,1:2:511
233,0,1,0,240,245760,245760,exactly_end,exactly_end,0,511,246271,245760,1,246271,out_of_range,0:2:510,1:2:511
233,0,1,1,240,246272,246272,beyond_end,beyond_end,0,511,246783,245760,1,246783,out_of_range,0:2:510,1:2:511
233,1,0,0,233,238592,239104,inside,inside,0,511,239615,245760,1,239615,in_range,0:2:510,1:2:511
233,1,0,1,233,238592,239104,inside,inside,0,511,239615,245760,1,239615,in_range,0:2:510,1:2:511
233,1,1,0,233,238592,238592,inside,inside,0,511,239103,245760,1,239103,in_range,0:2:510,1:2:511
233,1,1,1,233,239104,239104,inside,inside,0,511,239615,245760,1,239615,in_range,0:2:510,1:2:511
239,0,0,0,246,251904,252416,beyond_end,beyond_end,0,511,252927,245760,1,252927,out_of_range,0:2:510,1:2:511
239,0,0,1,246,251904,252416,beyond_end,beyond_end,0,511,252927,245760,1,252927,out_of_range,0:2:510,1:2:511
239,0,1,0,246,251904,251904,beyond_end,beyond_end,0,511,252415,245760,1,252415,out_of_range,0:2:510,1:2:511
239,0,1,1,246,252416,252416,beyond_end,beyond_end,0,511,252927,245760,1,252927,out_of_range,0:2:510,1:2:511
239,1,0,0,239,244736,245248,inside,inside,0,511,245759,245760,1,245759,in_range,0:2:510,1:2:511
239,1,0,1,239,244736,245248,inside,inside,0,511,245759,245760,1,245759,in_range,0:2:510,1:2:511
239,1,1,0,239,244736,244736,inside,inside,0,511,245247,245760,1,245247,in_range,0:2:510,1:2:511
239,1,1,1,239,245248,245248,inside,inside,0,511,245759,245760,1,245759,in_range,0:2:510,1:2:511
240,0,0,0,247,252928,253440,beyond_end,beyond_end,0,511,253951,245760,1,253951,out_of_range,0:2:510,1:2:511
240,0,0,1,247,252928,253440,beyond_end,beyond_end,0,511,253951,245760,1,253951,out_of_range,0:2:510,1:2:511
240,0,1,0,247,252928,252928,beyond_end,beyond_end,0,511,253439,245760,1,253439,out_of_range,0:2:510,1:2:511
240,0,1,1,247,253440,253440,beyond_end,beyond_end,0,511,253951,245760,1,253951,out_of_range,0:2:510,1:2:511
240,1,0,0,240,245760,246272,exactly_end,beyond_end,0,511,246783,245760,1,246783,out_of_range,0:2:510,1:2:511
240,1,0,1,240,245760,246272,exactly_end,beyond_end,0,511,246783,245760,1,246783,out_of_range,0:2:510,1:2:511
240,1,1,0,240,245760,245760,exactly_end,exactly_end,0,511,246271,245760,1,246271,out_of_range,0:2:510,1:2:511
240,1,1,1,240,246272,246272,beyond_end,beyond_end,0,511,246783,245760,1,246783,out_of_range,0:2:510,1:2:511
241,0,0,0,248,253952,254464,beyond_end,beyond_end,0,511,254975,245760,0,,no_store,0:2:510,1:2:511
241,0,0,1,248,253952,254464,beyond_end,beyond_end,0,511,254975,245760,0,,no_store,0:2:510,1:2:511
241,0,1,0,248,253952,253952,beyond_end,beyond_end,0,511,254463,245760,0,,no_store,0:2:510,1:2:511
241,0,1,1,248,254464,254464,beyond_end,beyond_end,0,511,254975,245760,0,,no_store,0:2:510,1:2:511
241,1,0,0,241,246784,247296,beyond_end,beyond_end,0,511,247807,245760,0,,no_store,0:2:510,1:2:511
241,1,0,1,241,246784,247296,beyond_end,beyond_end,0,511,247807,245760,0,,no_store,0:2:510,1:2:511
241,1,1,0,241,246784,246784,beyond_end,beyond_end,0,511,247295,245760,0,,no_store,0:2:510,1:2:511
241,1,1,1,241,247296,247296,beyond_end,beyond_end,0,511,247807,245760,0,,no_store,0:2:510,1:2:511
